
--LETS DISCUSS ABOUT SQL SERVER
SQL STANDS FOR STRUCTURED QUERY LANGUAGE

SQL IS A PART OF RDBMS APPLICATION
RDBMS (RELATIONAL DATBASE MANAGEMENT SYSTEM)

RELATIONAL DATBASE MANAGEMENT SYSTEM- A DATABASE WHERE WE GET TABLES AND DESIGN RELATIONSHIP BETWEEN TABLES

DATABASE- DATABASE IS A COLLECTIONS OF CERTAIN OBJECTS
1. TABLES
2. VIEWS
3. PROGRAMMABILITY

WHAT DOES SQL SERVER DO?
1. DATA STORES INTO DATABASES LIKE ORACLE, SQL SERVER, DB2 ETC
2. DATA TO BE RETRIEVED BY WRITTING QUERIES
3. DATA TO BE TRANSFORMED BY WRITTING QUERIES
4. DATA TO BE MANIPULATED BY WRITING QUERIES
5. DATA TO BE ANALYZED BY WRITTING QUERIES
6. DATA TO BE SUMMARIZED AND REPORTED BY WRITTING QUERIES

WHEN WE DO ALL ABOVE TASKS IN SQL SERVER DATABASE
WE DO PROGRAMMING SQL ONLY. AND THE PROGRAMMING IS CALLED SQL SERVER PROGRAMMING

WE WILL START LEARNING THE PROCESS OF PROGRAMING IN SQL
FROM BASE TO THE ADVANCED LEVEL


WHY SQL IS AN EASIEST PROGRAMMING LANGUAGE?

I HAVE RS.20,50,100,2000 NOTES IN MY PANT POCKET. I WANT TO GET RS.50 NOTE FROM MY POCKET

IN SQL LANGUAGE WE WILL CALL THIS AS

SELECT RS.50 FROM POCKET;

SQL IS AS SIMPLE AS YOUR ENGLISH LANGUAGE

--WE WILL START LEARNING SQL 

--HOW TO CREATE A DATABASE IN SQL SERVER?

CREATE DATABASE BATCH_202204;

--WE CAN SEE OUR DATABASE WHERE BATCH_202204 HAS BEEN CREATED
--GREAT JOB!!!!

--WHEN WE CREATE ANY DATABASE, IT COMES WITH DEFAULT OBJECTS
--1. DATABASE DIAGRAMS
--2. TABLES
--3. VIEWS
--4. EXTERNAL RESOURCES
--5. SYNONYMS
--6. PROGRAMMABILITY
--7. SERVICE BROKER
--8. STORAGE
--9. SECURITY

--BEING A DATA SCIENTIST
--WE MUST KNOW 3 OBJECTS IN AND OUT

--1. TABLES
--2. VIEWS
--3. PROGRAMMABILITY

--SINCE WE HAVE CREATED THE DATABASE, HOW TO ACTIVE THE DATABASE?

USE BATCH_202204;

--AFTER RUNNING THIS PROGRA, WE HAVE ACTIVATED THE CURRENT DATABASE TO BATCH_202204

--DEFAULT DATABASE WHICH IS ALWAYS ACTIVE IN SQL SERVER IS THE
--MASTER DATABASE

--HOW TO DROP A DATABASE?

DROP DATABASE BATCH_202204;

--AFTER DROPPING DATABASE , IF WE GO AND SEE IT IN THE DATABASE, IT DOES NOT EXIST

--REMEMBER THIS: NEVER EVER DROP ANY DATABASE
--UNLESS AND UNTIL YOU HAVE A PROPER BUSINESS JUSTIFICATION TO DO THAT

CREATE DATABASE BATCH_202204;

USE BATCH_202204;

--HOW TO CREATE A TABLE INSIDE THE DATABASE

STU_ID---STRING	
STU_NAME---STRING	
AGE-----INT
GENDER----STRING
EDUCATION---STRING	
DATE_OF_ENQ----DATE
COURSE----STRING


CREATE TABLE STU_ENQ_202004
(STU_ID CHAR(10),
STU_NAME CHAR(20),
AGE INT,
GENDER CHAR(10),
EDUCATION CHAR(10),
DATE_OF_ENQ DATE,
COURSE CHAR(20));

--AFTER CREATING THE TABLE WE SEE, DBO.STU_ENQ_202204 IS CREATED
--DBO- DATABASE OBJECT

--AFTER CREATING THE TABLE, WE SEE THE DEFAULT OBJECTS OF A TABLE
--1. COLUMNS
--2. KEYS
--3. CONSTRAINTS
--4. TRIGGERS
--5. INDEXES
--6. STATISTICS

--HOW TO SEE THE TABLE

SELECT * FROM STU_ENQ_202004;

--AS OF NOW WE CAN SEE THE TABLE BUT NO RECORDS

--HOW TO INSERT VALUES TO THE TABLE

INSERT INTO STU_ENQ_202004 VALUES ('S1','TARUN',27,'MALE','BTECH','11-21-2020','MPIDS');
INSERT INTO STU_ENQ_202004 VALUES ('S2','AISHWARYA',23,'FEMALE','BCA','11-03-2020','MPIDS');
INSERT INTO STU_ENQ_202004 VALUES ('S3','AMAN',28,'MALE','MBA','11-05-2020','ADA');
INSERT INTO STU_ENQ_202004 VALUES ('S4','JIMIT',37,'MALE','BCOM','11-16-2020','MPIDS');
INSERT INTO STU_ENQ_202004 VALUES ('S5','SAI',21,'MALE','MSC','11-21-2020','MPIDS');
INSERT INTO STU_ENQ_202004 VALUES ('S6','SAKSHI',22,'FEMALE','MTECH','11-29-2020','ADA');
INSERT INTO STU_ENQ_202004 VALUES ('S7','SHAKTI',27,'MALE','BTECH','11-21-2020','MPIDS');

SELECT * FROM STU_ENQ_202004;

--NOW THE QUESTION COMES TO YOUR MIND
--DO WE REALLY NEED TO CREATE TABLE LIKE THIS

--ANS- NO

--YOU WILL LEARN IMPORT AND EXPORT WIZARD TO READ DATA INTO SQL DATABASES

--NOW YOU ALREAY KNOWN TO THE PROCESS OF
--1. CREATING DATABASE
--2. USE OF DATABASE
--3. DROPPING OF DATABASE
--4. CREATING A TABLE
--5. INSERTING VALUES TO THE TABLE
--6. HOW TO SEE THE TABLE

--YOU HAVE DONE FABULOUS JOB!!!

--HOW TO DRP/DELETE/TRUNCATE A TABLE?

DROP TABLE STU_ENQ_202004;

SELECT * FROM STU_ENQ_202004;

--BEFORE DROPPING ANY TABLE, YOU MUST ASK YOURSELF 
--MULTIPLE TIMES, DO I REALLY NEED TO DROP A TABLE

--BECAUSE DROP WILL VANISH THE TABLE COMPLETELY FROM THE DATABASE


CREATE TABLE STU_ENQ_202204
(STU_ID CHAR(10),
STU_NAME CHAR(20),
AGE INT,
GENDER CHAR(10),
EDUCATION CHAR(10),
DATE_OF_ENQ DATE,
COURSE CHAR(20));

SELECT * FROM STU_ENQ_202204;

INSERT INTO STU_ENQ_202204 VALUES ('S1','TARUN',27,'MALE','BTECH','11-21-2020','MPIDS');
INSERT INTO STU_ENQ_202204 VALUES ('S2','AISHWARYA',23,'FEMALE','BCA','11-03-2020','MPIDS');
INSERT INTO STU_ENQ_202204 VALUES ('S3','AMAN',28,'MALE','MBA','11-05-2020','ADA');
INSERT INTO STU_ENQ_202204 VALUES ('S4','JIMIT',37,'MALE','BCOM','11-16-2020','MPIDS');
INSERT INTO STU_ENQ_202204 VALUES ('S5','SAI',21,'MALE','MSC','11-21-2020','MPIDS');
INSERT INTO STU_ENQ_202204 VALUES ('S6','SAKSHI',22,'FEMALE','MTECH','11-29-2020','ADA');
INSERT INTO STU_ENQ_202204 VALUES ('S7','SHAKTI',27,'MALE','BTECH','11-21-2020','MPIDS');

SELECT * FROM STU_ENQ_202204;

--HOW TO DELETE A TABLE?

DELETE STU_ENQ_202204;

SELECT * FROM STU_ENQ_202204;

--DELETE WILL DELETE RECORDS, NOT THE TABLE

INSERT INTO STU_ENQ_202204 VALUES ('S1','TARUN',27,'MALE','BTECH','11-21-2020','MPIDS');
INSERT INTO STU_ENQ_202204 VALUES ('S2','AISHWARYA',23,'FEMALE','BCA','11-03-2020','MPIDS');
INSERT INTO STU_ENQ_202204 VALUES ('S3','AMAN',28,'MALE','MBA','11-05-2020','ADA');
INSERT INTO STU_ENQ_202204 VALUES ('S4','JIMIT',37,'MALE','BCOM','11-16-2020','MPIDS');
INSERT INTO STU_ENQ_202204 VALUES ('S5','SAI',21,'MALE','MSC','11-21-2020','MPIDS');
INSERT INTO STU_ENQ_202204 VALUES ('S6','SAKSHI',22,'FEMALE','MTECH','11-29-2020','ADA');
INSERT INTO STU_ENQ_202204 VALUES ('S7','SHAKTI',27,'MALE','BTECH','11-21-2020','MPIDS');

SELECT * FROM STU_ENQ_202204;

--CAN WE DELETE RECORDS BASED ON CRITERIA?

DELETE STU_ENQ_202204
WHERE GENDER='MALE';

SELECT * FROM STU_ENQ_202204;

--WHAT IS TRUNCATING A TABLE?

TRUNCATE TABLE STU_ENQ_202204;

SELECT * FROM STU_ENQ_202204;

--TRUNCATE WILL DELETE ALL THE RECORDS,HOWEVER, TABLE REMAIN EXISTS

--CAN TRUNCATE DELETE RECORDS BASED ON CRITERIA

TRUNCATE STU_ENQ_202204
WHERE GENDER='FEMALE';

--WE CAN NOT DELETE RECORDS BASED ON CRITERIA USING TRUNCATE QUERY

--DIFFERENCE BETWEEN DROP/DELETE/TRUNCATE

--DROP WILL VANISH THE TABLE
--DELETE WILL DELETE ALL THE RECORDS OR RECORDS BASED ON CRITERIAS
--TRUNCATE WILL DELETE ALL THE RECORDS. HOWEVER, TABLE REMAIN EXISTS

--LETS CALL THE TABLE AGAIN

INSERT INTO STU_ENQ_202204 VALUES ('S1','TARUN',27,'MALE','BTECH','11-21-2020','MPIDS');
INSERT INTO STU_ENQ_202204 VALUES ('S2','AISHWARYA',23,'FEMALE','BCA','11-03-2020','MPIDS');
INSERT INTO STU_ENQ_202204 VALUES ('S3','AMAN',28,'MALE','MBA','11-05-2020','ADA');
INSERT INTO STU_ENQ_202204 VALUES ('S4','JIMIT',37,'MALE','BCOM','11-16-2020','MPIDS');
INSERT INTO STU_ENQ_202204 VALUES ('S5','SAI',21,'MALE','MSC','11-21-2020','MPIDS');
INSERT INTO STU_ENQ_202204 VALUES ('S6','SAKSHI',22,'FEMALE','MTECH','11-29-2020','ADA');
INSERT INTO STU_ENQ_202204 VALUES ('S7','SHAKTI',27,'MALE','BTECH','11-21-2020','MPIDS');

SELECT * FROM STU_ENQ_202204;

--CAN WE ALTER A TABLE BY ADDING AND DROPPING COLUMNS

ALTER TABLE STU_ENQ_202204
ADD INSTITUTE CHAR(20), LOCATION CHAR(20);

SELECT * FROM STU_ENQ_202204;

--TO DROP COLUMNS

ALTER TABLE STU_ENQ_202204
DROP COLUMN INSTITUTE,LOCATION;

SELECT * FROM STU_ENQ_202204;

--HOW TO RENAME A COLUMN

SELECT * FROM STU_ENQ_202204;

--WE HAVE COMPLETED TILL NOW

1. HOW TO CREATE DATABASE
2. HOW TO USE DATABASE
3. HOW TO DROP A DATABASE
4. HOW TO CREATE A TABLE
5. HOW TO INSERT VALUES TO THE TABLE
6. HOW TO SEE THE TABLE
7. HOW TO DROP/DELETE/TRUNCATE A TABLE
8. HOW TO ALTER THE TABLE BY ADD/DROP/RENAME COLUMNS

--NOW WE WILL START WITH CONSTRAINTS IN A TABLE
--==============================================

CREATE TABLE STU_ENQ
(STU_ID CHAR(10),
STU_NAME CHAR(20),
AGE INT,
GENDER CHAR(10),
EDUCATION CHAR(10),
DATE_OF_ENQ DATE,
COURSE CHAR(20));

--WHEN WE CREATE A TABLE, TABLE WITH COLUMN GOES AS DEFAULT CONSTRAINT TO NULL

--CAN WE ADD CONSTRSINT TO A TABLE WITH COLUMN VALUES?
--ANS-YES , WE CAN


--NOT NULL AS A CONSTRAINT
CREATE TABLE STU_ENQ_V1
(STU_ID CHAR(10) NOT NULL,
STU_NAME CHAR(20) NOT NULL,
AGE INT,
GENDER CHAR(10),
EDUCATION CHAR(10) NOT NULL,
DATE_OF_ENQ DATE NOT NULL,
COURSE CHAR(20) NOT NULL );

--UNIQUE AS A CONSTRAINT

CREATE TABLE STU_ENQ_V2
(STU_ID CHAR(10) UNIQUE,
STU_NAME CHAR(20) NOT NULL,
AGE INT,
GENDER CHAR(10),
EDUCATION CHAR(10) NOT NULL,
DATE_OF_ENQ DATE NOT NULL,
COURSE CHAR(20) NOT NULL );

--PRIMARY KEY AS A CONSTRAINT

CREATE TABLE STU_ENQ_V3
(STU_ID CHAR(10) PRIMARY KEY,
STU_NAME CHAR(20) NOT NULL,
AGE INT,
GENDER CHAR(10),
EDUCATION CHAR(10) NOT NULL,
DATE_OF_ENQ DATE NOT NULL,
COURSE CHAR(20) NOT NULL );

--QUESTION IS WHAT IS A PRIMARY AND UNIQUE KEY

--PRIMARY KEY- IT IS UNIQUE IN NATURE AND HAS NO NULL VALUE IN THIS
--UNIQUE KEY- IT IS UNIQUE IN NATURE AND HAS ONE NULL VALUE IN THIS

--STU_ID- PRIMARY KEY - S1,S2,S3,S4,S5,S6,S7,S8,S9,S10
--STU_ID- UNIQUE KEY - S1,S2,,S4,S5,S6,S7,S8,S9,S10

--CAN WE ALTER A TABLE BY ADDING KEYS AS CONSTRAINT?

CREATE TABLE STU_ENQ_V4
(STU_ID CHAR(10) NOT NULL,
STU_NAME CHAR(20) NOT NULL,
AGE INT,
GENDER CHAR(10),
EDUCATION CHAR(10) NOT NULL,
DATE_OF_ENQ DATE NOT NULL,
COURSE CHAR(20) NOT NULL 
CONSTRAINT ABC PRIMARY KEY(STU_ID));


CREATE TABLE STU_ENQ_V5
(STU_ID CHAR(10) NOT NULL,
STU_NAME CHAR(20) NOT NULL,
AGE INT,
GENDER CHAR(10),
EDUCATION CHAR(10) NOT NULL,
DATE_OF_ENQ DATE NOT NULL,
COURSE CHAR(20) NOT NULL);

ALTER TABLE STU_ENQ_V5
ADD CONSTRAINT XYZ PRIMARY KEY (STU_ID);

ALTER TABLE STU_ENQ_V5
DROP CONSTRAINT XYZ;


CREATE TABLE STU_ENQ_V5
(STU_ID CHAR(10) NOT NULL,
STU_NAME CHAR(20) NOT NULL,
AGE INT,
GENDER CHAR(10),
EDUCATION CHAR(10) NOT NULL,
DATE_OF_ENQ DATE NOT NULL,
COURSE CHAR(20) NOT NULL);

ALTER TABLE STU_ENQ_V5
ADD CONSTRAINT XYZ UNIQUE (STU_ID,STU_NAME);

ALTER TABLE STU_ENQ_V5
DROP CONSTRAINT XYZ;

--HOW TO CRAETE TABLE WITH AUTO IDENTITY


CREATE TABLE STU_ENQ_V6
(RECORD_NO INT IDENTITY(1,1),
STU_ID CHAR(10) NOT NULL,
STU_NAME CHAR(20) NOT NULL,
AGE INT,
GENDER CHAR(10),
EDUCATION CHAR(10) NOT NULL,
DATE_OF_ENQ DATE NOT NULL,
COURSE CHAR(20) NOT NULL);

INSERT INTO STU_ENQ_V6 VALUES ('S1','TARUN',27,'MALE','BTECH','11-21-2020','MPIDS');
INSERT INTO STU_ENQ_V6 VALUES ('S2','AISHWARYA',23,'FEMALE','BCA','11-03-2020','MPIDS');
INSERT INTO STU_ENQ_V6 VALUES ('S3','AMAN',28,'MALE','MBA','11-05-2020','ADA');
INSERT INTO STU_ENQ_V6 VALUES ('S4','JIMIT',37,'MALE','BCOM','11-16-2020','MPIDS');
INSERT INTO STU_ENQ_V6 VALUES ('S5','SAI',21,'MALE','MSC','11-21-2020','MPIDS');
INSERT INTO STU_ENQ_V6 VALUES ('S6','SAKSHI',22,'FEMALE','MTECH','11-29-2020','ADA');
INSERT INTO STU_ENQ_V6 VALUES ('S7','SHAKTI',27,'MALE','BTECH','11-21-2020','MPIDS');

SELECT * FROM STU_ENQ_V6;

--WE WILL START WITH IMPORTING AND EXPORTING DATA INTO SQL SERVER

SELECT * FROM MED_2022;

--STEPS INVOLVED IN IMPORTING THE EXCEL TABLE TO SQL SERVER

--STEP1- SELECTED THE DATABASE - RIGHT CLICK - TASKS - IMPORT DATA
--STEP2- SELECTED DATA SOURCE AS EXCEL FILE AND BROWSE THE DATA FILE
--STEP3- SELECTED DESTINATION AS SQL SERVER NATIVE CLIENT 11.0
--STEP4- SELECTED COPY TABLE OR VIEW AND RUN TO IMPORT THE TABLE


--IMPORT FLAT FILES LIKE CSV AND TXT FILES

SELECT * FROM MED_2022_TXT;

SELECT * FROM MED_2022_CSV;

--HOW TO EXPORT DATA FROM SQL SERVER DATABASE

--STEPS INVOLVED IN EXPORTING THE SQL TABLE TO EXCEL FILE

--STEP1- SELECTED THE DATABASE - RIGHT CLICK - TASKS - EXPORT DATA
--STEP2- SELECTED DATA SOURCE AS SQL SERVER NATIVE CLIENT 11.0
--STEP3- SELECTED DESTINATION AS EXCEL FILE
--STEP4- SELECTED COPY TABLE OR VIEW AND RUN TO EXPORT THE TABLE

SELECT * FROM MED_2022;

--WE NEED TO UNDERSTAND SQL WINDOWS NAVIGATION

SELECT * FROM MED_2022;

--WE GET WINDOWS AS
--1. OBJECT EXPLORER- TO NAVIGATE THE DATABASES AND TABLES INSIDE IT
--2. QUERY WINDOW
--3. RESULTS WINDOW
--4. MESSAGES WINDOW
--6. TASK BAR
--	- QUERY EXECUTIO MSG
--	- THE SERVER PATH
--	- SERVER PATH WITH NAME
--	- DATABASE NAME
--	- PROCESSING TIME
--	- NUMBER OF ROWS AFFECTED

--WE WILL START WITH BASIC SQL PROGRAMMING WITH INFORMATIONS

--HOW TO DESCRIBE A DATABASE AND A TABLE

SELECT * FROM INFORMATION_SCHEMA.TABLES;
SELECT * FROM INFORMATION_SCHEMA.COLUMNS;
SELECT * FROM INFORMATION_SCHEMA.COLUMNS WHERE TABLE_NAME='MED_2022';

--HOW TO SEE NUMBER OF RECORDS IN A TABLE?

SELECT COUNT(*) FROM MED_2022;

--HOW TO SEE NUMBER OF COLUMNS IN A TABLE?

SELECT COUNT(*) FROM INFORMATION_SCHEMA.COLUMNS WHERE TABLE_NAME='MED_2022';

--HOW TO CREATE A NEW TABLE FROM AN EXISTING TABLE

SELECT * INTO MED_NEW FROM MED_2022;

SELECT * FROM MED_NEW;

--HOW TO CREATE A NAME TABLE WITH SELECTED COLUMNS

SELECT
CUSTOMER_ID,
COMPANY,
GENDER,
AGE,
STATE_CODE,
SPENT_AMOUNT
INTO MED_AUS_V1
FROM MED_2022;

SELECT * FROM MED_AUS_V1;

--HOW TO SEE DISTINCT VALUES OF A COLUMN

SELECT DISTINCT COMPANY FROM MED_2022;

--HOW TO SEE COUNT OF DISTINCT VALUES OF A COLUMN

SELECT COUNT(DISTINCT COMPANY) FROM MED_2022;

--HOW TO USE ALIAS TO A TABLE NAME

SELECT A.* FROM MED_2022 AS A ;
SELECT AUS.* FROM MED_2022 AS AUS;

SELECT
A.CUSTOMER_ID,
A.COMPANY,
A.GENDER,
A.AGE,
A.STATE_CODE,
A.SPENT_AMOUNT
FROM MED_2022 AS A ;

--HOW TO USE ALIAS TO COLUMN NAME

SELECT
CUSTOMER_ID AS SUB_ID,
COMPANY AS BUSINESS_HOUSE,
GENDER,
AGE,
STATE_CODE AS PROVINCE,
SPENT_AMOUNT AS SPENT
FROM MED_2022;

--HOW TO SELECT TOP 10 RECORDS FROM A TABLE
SELECT * FROM MED_2022;

SELECT TOP 10* FROM MED_2022;

--HOW TO SELECT TOP 30% RECORDS FROM A TABLE

SELECT TOP 30 PERCENT * FROM MED_2022;


--WHEN WE CREATE A DATABASE AND TABLE NAME WE FOLLOW THESE ARE THE CRITERIA
--1. IT MUST START WITH AN ALPHABET,UNDERSCORE,-,NUMBER,#
--2. MUST BE FOLLWED BY AN ALPHABET,UNDERSCORE,-,NUMBER
--3. MAXIMUM LEBNGTH IS UPTO 128 FOR DATABASE AND 32 FOR A TABLE NAME

EX: #BATCH-202204 (YES)
	BATCH-202204 (YES)
    BATCH_202204 (YES)
	BATCH 202204 (NO)
	BATCH%202204 (NO)
	BATCH#202204 (NO)
	BATCH@202204 (NO)

	CUSTOMER ID  (NO)
	[CUSTOMER ID] (YES)
	CUSTOMER_ID (YES)
	CUSTOMER-ID (YES)
	CUSTOMER#ID (NO)

--WHEN WE ARE WORKING WITH SQL SERVER, WE MUST KNOW MICROSOFT BI PRODUCTS
--1. SSMS- SQL SERVER MANAGEMENT STUDIO
--2. SSIS- SQL SERVER INTEGRATED SERVICES
--3. SSRS- SQL SERVER REPORTING SERVICES
--4. SSAS- SQL SERVER ANALYSIS SERVICES

--BEING A DATA SCIENTIST
--WE MUST KNOW
--SSMS AND SSIS









































































































